Timestamp,Server,Status
2025-05-05 00:52:06,server3,completed
2025-05-02 03:58:58,server1,completed
2025-05-04 23:30:31,server3,completed
2025-05-07 05:31:01,server3,completed
2025-05-03 13:00:31,server2,completed
2025-05-02 06:29:19,server2,completed
2025-05-06 07:49:50,server3,completed
2025-05-05 08:15:12,server2,completed
2025-05-06 14:02:31,server1,completed
2025-05-03 01:50:20,server3,completed
2025-05-07 09:51:45,server2,completed
2025-05-07 14:42:41,server3,completed
2025-05-03 09:17:30,server2,completed
2025-05-04 12:12:21,server1,completed
2025-05-03 22:20:13,server1,completed
2025-05-01 17:27:19,server2,completed
2025-05-02 08:42:19,server3,completed
2025-05-04 12:02:34,server2,completed
2025-05-06 19:12:50,server1,completed
2025-05-05 05:16:00,server2,completed
2025-05-03 04:45:30,server2,completed
2025-05-07 07:14:03,server2,completed
2025-05-04 17:24:05,server3,completed
2025-05-05 12:32:48,server1,completed
2025-05-01 15:35:10,server2,completed
2025-05-04 22:19:16,server1,completed
2025-05-07 11:00:02,server2,completed
2025-05-03 16:14:05,server3,completed
2025-05-03 14:02:01,server2,completed
2025-05-05 15:29:18,server1,completed
2025-05-01 17:37:45,server1,completed
2025-05-04 12:14:08,server2,completed
2025-05-01 15:24:50,server2,completed
2025-05-07 19:21:38,server2,completed
2025-05-05 05:15:58,server3,completed
2025-05-04 21:23:39,server1,completed
2025-05-07 10:09:08,server1,completed
2025-05-03 21:50:02,server3,completed
2025-05-02 07:27:55,server1,completed
2025-05-06 06:25:54,server2,completed
2025-05-04 16:59:22,server1,completed
2025-05-03 03:50:05,server2,completed
2025-05-02 19:30:40,server1,completed
2025-05-02 17:11:07,server1,completed
2025-05-04 05:08:11,server2,completed
2025-05-02 05:55:01,server3,completed
2025-05-06 12:49:54,server1,completed
2025-05-03 08:22:15,server2,completed
2025-05-03 02:19:05,server1,completed
2025-05-02 06:17:53,server1,completed
2025-05-04 04:45:01,server1,completed
2025-05-07 06:55:23,server1,completed
2025-05-01 16:49:10,server2,completed
2025-05-01 19:51:15,server1,completed
2025-05-02 12:12:35,server2,completed
2025-05-05 01:15:32,server2,completed
2025-05-06 08:34:23,server1,completed
2025-05-03 08:15:10,server2,completed
2025-05-06 15:02:31,server1,completed
2025-05-02 14:45:55,server3,completed
2025-05-01 19:33:20,server1,completed
2025-05-06 03:18:39,server2,completed
