Timestamp,IP Source,Attempted Action
2025-05-03 23:18:29,192.168.2.15,Unauthorized access
2025-05-06 09:14:40,192.168.1.10,Unauthorized access
2025-05-01 19:18:13,172.16.0.2,Unauthorized access
2025-05-02 03:07:05,192.168.1.10,Unauthorized access
2025-05-06 02:55:12,192.168.1.10,Unauthorized access
2025-05-02 21:50:54,10.0.0.5,Unauthorized access
2025-05-02 02:25:35,192.168.2.15,Unauthorized access
2025-05-06 02:31:08,10.0.0.5,Unauthorized access
2025-05-05 09:28:01,172.16.0.2,Unauthorized access
2025-05-01 14:10:58,10.0.0.5,Unauthorized access
2025-05-01 09:50:22,10.0.0.5,Unauthorized access
2025-05-03 11:06:40,10.0.0.5,Unauthorized access
2025-05-04 18:02:30,192.168.2.15,Unauthorized access
2025-05-06 02:40:33,10.0.0.5,Unauthorized access
2025-05-05 22:23:35,192.168.1.10,Unauthorized access
2025-05-03 18:32:12,10.0.0.5,Unauthorized access
2025-05-02 18:40:44,192.168.1.10,Unauthorized access
2025-05-04 02:22:45,10.0.0.5,Unauthorized access
2025-05-01 14:17:35,10.0.0.5,Unauthorized access
2025-05-04 10:10:22,192.168.1.10,Unauthorized access
2025-05-02 02:17:28,192.168.2.15,Unauthorized access
2025-05-07 05:55:13,10.0.0.5,Unauthorized access
